Email,SubscriptionType,SubscriptionDuration,SubscriptionStartDate,SubscriptionEndDate
Adah_Jones@Cleta.io,Liberator,1,2-Jan-18,2-Feb-18
Adam.Parisian@gmail.com,Liberator,2,2-Jan-18,2-Mar-18
Adams_Adella@yahoo.com,Liberator,3,2-Jan-18,2-Apr-18
Adams.Frieda@Johnpaul.biz,Liberator,1,2-Jan-18,2-Feb-18
Adolfo.Russel@Sipes.net,Liberator,2,2-Jan-18,2-Mar-18
Aimee_Pouros@Walter.net,Liberator,3,2-Jan-18,2-Apr-18
Alberta.Leannon@Alena.info,Liberator,1,2-Jan-18,2-Feb-18
Aletha_Barton@yahoo.com,GameChanger,2,2-Jan-18,2-Mar-18
Aliza.Stiedemann@Schmeler.org,Liberator,3,3-Jan-18,3-Apr-18
Alvis_Lynch@Ora.com,GameChanger,1,3-Jan-18,3-Feb-18
Alysha_Pacocha@yahoo.com,Disruptor,2,3-Jan-18,3-Mar-18
Amani_Mraz@Helga.me,Liberator,3,3-Jan-18,3-Apr-18
Americo_Streich@yahoo.com,Disruptor,1,4-Jan-18,4-Feb-18
Antonia.McKenzie@yahoo.com,GameChanger,2,4-Jan-18,4-Mar-18
Ara_Hoeger@Roob.us,GameChanger,3,4-Jan-18,4-Apr-18
Aracely.Heidenreich@Heidenreich.biz,GameChanger,1,4-Jan-18,4-Feb-18
Ardella_Renner@hotmail.com,Disruptor,2,4-Jan-18,4-Mar-18
Arlie.Kris@Jeromy.us,GameChanger,3,4-Jan-18,4-Apr-18
Armani_Ondricka@yahoo.com,Disruptor,1,4-Jan-18,4-Feb-18
Aurelio_Thompson@Morissette.com,Disruptor,2,5-Jan-18,5-Mar-18
Ayden_Gorczany@Sawayn.co.uk,Liberator,3,5-Jan-18,5-Apr-18
Bailey.Amiya@hotmail.com,Liberator,1,6-Jan-18,6-Feb-18
Bailey.Lizeth@Homenick.us,Liberator,1,6-Jan-18,6-Feb-18
Bartell.Zoila@Bahringer.com,GameChanger,1,6-Jan-18,6-Feb-18
Bella_Romaguera@Hailee.ca,Liberator,1,6-Jan-18,6-Feb-18
Bennie.Ondricka@Gussie.biz,GameChanger,1,6-Jan-18,6-Feb-18
Bergnaum_Terrill@Ledner.info,Disruptor,1,6-Jan-18,6-Feb-18
Bergstrom_Jude@yahoo.com,GameChanger,2,6-Jan-18,6-Mar-18
Bernie_Marquardt@yahoo.com,GameChanger,2,6-Jan-18,6-Mar-18
Bernier.Santiago@Sporer.org,Disruptor,2,6-Jan-18,6-Mar-18
Bernier.Tracey@Goldner.us,Disruptor,2,6-Jan-18,6-Mar-18
Betsy.Ritchie@yahoo.com,Disruptor,3,6-Jan-18,6-Apr-18
Bill_Pollich@Schiller.biz,GameChanger,3,6-Jan-18,6-Apr-18
Blair.Hartmann@Oswaldo.tv,GameChanger,1,6-Jan-18,6-Feb-18
Bobby_Feeney@hotmail.com,GameChanger,1,7-Jan-18,7-Feb-18
Boyd_Cummerata@Nikolaus.ca,Liberator,1,7-Jan-18,7-Feb-18
Bradford.Sipes@hotmail.com,Liberator,1,7-Jan-18,7-Feb-18
Brakus_Adalberto@hotmail.com,Liberator,1,7-Jan-18,7-Feb-18
Brennan_Bernier@yahoo.com,Liberator,1,7-Jan-18,7-Feb-18
Bridgette.Farrell@yahoo.com,Liberator,2,7-Jan-18,7-Mar-18
Broderick_Adams@Waino.biz,Liberator,2,7-Jan-18,7-Mar-18
Cali_Hane@yahoo.com,Liberator,2,7-Jan-18,7-Mar-18
Cartwright.Johnny@yahoo.com,GameChanger,2,8-Jan-18,8-Mar-18
Ceasar.Kutch@Casper.biz,GameChanger,3,9-Jan-18,9-Apr-18
Celia.Price@gmail.com,Disruptor,3,9-Jan-18,9-Apr-18
Chad_Klein@hotmail.com,Liberator,1,10-Jan-18,10-Feb-18
Chaz_Gibson@Jeremy.me,Disruptor,1,10-Jan-18,10-Feb-18
Chelsie_Graham@yahoo.com,Disruptor,1,10-Jan-18,10-Feb-18
Chelsie.Lakin@Bud.com,Liberator,1,10-Jan-18,10-Feb-18
Christy.Gaylord@Gutkowski.me,GameChanger,1,11-Jan-18,11-Feb-18
Cicero.Ondricka@gmail.com,Liberator,1,11-Jan-18,11-Feb-18
Conor_Bartoletti@gmail.com,Disruptor,2,11-Jan-18,11-Mar-18
Corrine.Jaskolski@yahoo.com,Disruptor,2,12-Jan-18,12-Mar-18
Corwin.Maddison@yahoo.com,Disruptor,2,12-Jan-18,12-Mar-18
Cremin.Lola@Altenwerth.tv,GameChanger,2,12-Jan-18,12-Mar-18
Crist.Gregory@Frami.org,Disruptor,3,12-Jan-18,12-Apr-18
Cristian_Wolff@yahoo.com,Liberator,3,12-Jan-18,12-Apr-18
Crona.Lexus@yahoo.com,Liberator,1,12-Jan-18,12-Feb-18
Cruz_McKenzie@Camden.biz,Liberator,1,12-Jan-18,12-Feb-18
Dach.Reece@Olen.tv,Liberator,1,13-Jan-18,13-Feb-18
Damon_Hilpert@yahoo.com,GameChanger,1,13-Jan-18,13-Feb-18
Damon.Effertz@hotmail.com,GameChanger,1,13-Jan-18,13-Feb-18
Dan.Schoen@Raina.tv,Disruptor,1,13-Jan-18,13-Feb-18
Daniel.Jeremy@gmail.com,Liberator,2,13-Jan-18,13-Mar-18
Daniella_Kshlerin@Missouri.me,GameChanger,2,13-Jan-18,13-Mar-18
Dannie_Altenwerth@Rau.net,Disruptor,2,14-Jan-18,14-Mar-18
Dante.Fahey@hotmail.com,Disruptor,2,15-Jan-18,15-Mar-18
Danyka_Mann@Jackeline.biz,Liberator,3,16-Jan-18,16-Apr-18
Darian_Sawayn@yahoo.com,GameChanger,3,17-Jan-18,17-Apr-18
Darius_Carroll@hotmail.com,Liberator,1,19-Jan-18,19-Feb-18
Daugherty.Oswaldo@Lincoln.info,Liberator,1,19-Jan-18,19-Feb-18
Davion_DuBuque@hotmail.com,Liberator,1,19-Jan-18,19-Feb-18
Delaney_Boyle@gmail.com,GameChanger,1,19-Jan-18,19-Feb-18
Delmer.Emmerich@hotmail.com,GameChanger,1,19-Jan-18,19-Feb-18
Delphia.Weimann@Ziemann.tv,GameChanger,1,13-Jan-18,13-Feb-18
Denesik_Velma@Chyna.net,GameChanger,2,14-Jan-18,14-Mar-18
Deron_Dietrich@gmail.com,Liberator,2,15-Jan-18,15-Mar-18
Dewitt_Block@Camila.com,Disruptor,2,16-Jan-18,16-Mar-18
Dolores.McGlynn@Ankunding.org,Liberator,2,17-Jan-18,17-Mar-18
Donnelly_Breana@Elnora.tv,Liberator,3,18-Jan-18,18-Apr-18
Dorris.Davis@yahoo.com,GameChanger,3,19-Jan-18,19-Apr-18
Dorthy_Stokes@yahoo.com,GameChanger,1,20-Jan-18,20-Feb-18
Douglas.Nakia@gmail.com,GameChanger,1,21-Jan-18,21-Feb-18
Durward_Koelpin@Jasmin.io,Disruptor,1,22-Jan-18,22-Feb-18
Easter.Lowe@yahoo.com,Disruptor,1,23-Jan-18,23-Feb-18
Ebert_Murray@yahoo.com,GameChanger,1,23-Jan-18,23-Feb-18
Eichmann_Marquis@Gislason.com,GameChanger,1,23-Jan-18,23-Feb-18
Eleanore.Armstrong@yahoo.com,Liberator,2,23-Jan-18,23-Mar-18
Elijah_Lubowitz@yahoo.com,Liberator,2,24-Jan-18,24-Mar-18
Elsa_Hammes@Donald.biz,Liberator,2,25-Jan-18,25-Mar-18
Elyssa_Walter@Filiberto.ca,Disruptor,2,25-Jan-18,25-Mar-18
Eric.Beier@yahoo.com,Liberator,3,26-Jan-18,26-Apr-18
Erich_Graham@hotmail.com,GameChanger,3,26-Jan-18,26-Apr-18
Erich.Spencer@hotmail.com,GameChanger,1,26-Jan-18,26-Feb-18
Ericka.Bednar@Edgar.me,Liberator,1,27-Jan-18,27-Feb-18
Ethyl_Ratke@hotmail.com,GameChanger,1,28-Jan-18,28-Feb-18
Faye.Schultz@yahoo.com,Disruptor,1,29-Jan-18,28-Feb-18
Feeney_Houston@gmail.com,Disruptor,1,30-Jan-18,28-Feb-18
Fidel.Roob@Kuvalis.biz,GameChanger,1,31-Jan-18,28-Feb-18
Adah_Jones@Cleta.io,Liberator,1,2-Feb-18,2-Mar-18
Adams.Frieda@Johnpaul.biz,Liberator,2,2-Feb-18,2-Apr-18
Alberta.Leannon@Alena.info,Liberator,3,2-Feb-18,2-May-18
Alvis_Lynch@Ora.com,GameChanger,1,3-Feb-18,3-Mar-18
Americo_Streich@yahoo.com,Disruptor,2,4-Feb-18,4-Apr-18
Aracely.Heidenreich@Heidenreich.biz,GameChanger,3,4-Feb-18,4-May-18
Armani_Ondricka@yahoo.com,Disruptor,1,4-Feb-18,4-Mar-18
Bailey.Amiya@hotmail.com,Liberator,2,6-Feb-18,6-Apr-18
Bailey.Lizeth@Homenick.us,Liberator,3,6-Feb-18,6-May-18
Bartell.Zoila@Bahringer.com,GameChanger,1,6-Feb-18,6-Mar-18
Bella_Romaguera@Hailee.ca,Liberator,2,6-Feb-18,6-Apr-18
Bennie.Ondricka@Gussie.biz,GameChanger,3,6-Feb-18,6-May-18
Bergnaum_Terrill@Ledner.info,Disruptor,1,6-Feb-18,6-Mar-18
Blair.Hartmann@Oswaldo.tv,GameChanger,2,6-Feb-18,6-Apr-18
Bobby_Feeney@hotmail.com,GameChanger,3,7-Feb-18,7-May-18
Boyd_Cummerata@Nikolaus.ca,Liberator,1,7-Feb-18,7-Mar-18
Bradford.Sipes@hotmail.com,Liberator,2,7-Feb-18,7-Apr-18
Brakus_Adalberto@hotmail.com,Liberator,3,7-Feb-18,7-May-18
Fidel.Roob@Kuvalis.biz,GameChanger,1,7-Feb-18,7-Mar-18
Forrest_Huel@hotmail.com,GameChanger,1,8-Feb-18,8-Mar-18
Fritsch_Kian@Judson.io,GameChanger,2,9-Feb-18,9-Apr-18
Fritsch.Angus@Ortiz.biz,GameChanger,3,10-Feb-18,10-May-18
Fritsch.Mohamed@yahoo.com,GameChanger,1,11-Feb-18,11-Mar-18
Furman.Hartmann@Brown.me,GameChanger,1,12-Feb-18,12-Mar-18
Gabriella.Jast@Larkin.info,Disruptor,1,13-Feb-18,13-Mar-18
Gay_Bashirian@hotmail.com,GameChanger,1,14-Feb-18,14-Mar-18
Gerda.Shields@Ernser.biz,Disruptor,1,2-Feb-18,2-Mar-18
Gerhold_Kraig@Wuckert.us,Disruptor,1,2-Feb-18,2-Mar-18
Gerson_Smitham@Greenfelder.us,Disruptor,2,2-Feb-18,2-Apr-18
Giles_Auer@yahoo.com,Liberator,2,3-Feb-18,3-Apr-18
Giovanni_Nikolaus@yahoo.com,GameChanger,2,4-Feb-18,4-Apr-18
Gladyce_Hoeger@Corwin.us,GameChanger,2,4-Feb-18,4-Apr-18
Golda.Green@Friesen.biz,Disruptor,3,4-Feb-18,4-May-18
Goodwin.Elinore@yahoo.com,GameChanger,3,6-Feb-18,6-May-18
Grant_Lola@Willms.us,Liberator,1,6-Feb-18,6-Mar-18
Gregory_Klocko@Daphnee.co.uk,Liberator,1,6-Feb-18,6-Mar-18
Griffin.Hessel@yahoo.com,GameChanger,1,6-Feb-18,6-Mar-18
Guadalupe.Beier@yahoo.com,Disruptor,1,6-Feb-18,6-Mar-18
Hahn_Betsy@Matt.io,Liberator,1,6-Feb-18,6-Mar-18
Hal.McGlynn@Brennan.org,Liberator,1,6-Feb-18,6-Mar-18
Hammes.Ona@Moore.io,GameChanger,2,7-Feb-18,7-Apr-18
Harber_Alexane@Dach.com,Disruptor,2,7-Feb-18,7-Apr-18
Haskell_Hane@Heloise.info,GameChanger,2,7-Feb-18,7-Apr-18
Hertha_Schneider@Veda.biz,Liberator,2,7-Feb-18,7-Apr-18
Herzog.Kari@yahoo.com,Disruptor,3,8-Feb-18,8-May-18
Hettinger_Ricky@Kraig.biz,Liberator,3,9-Feb-18,9-May-18
Hilton.Bergstrom@yahoo.com,GameChanger,1,10-Feb-18,10-Mar-18
Hirthe.Cayla@gmail.com,Liberator,1,11-Feb-18,11-Mar-18
Hodkiewicz_Emma@gmail.com,Liberator,1,11-Feb-18,11-Mar-18
Hoeger.Trystan@gmail.com,GameChanger,1,11-Feb-18,11-Mar-18
Hollie_Monahan@hotmail.com,Disruptor,1,11-Feb-18,11-Mar-18
Howell_West@Kuphal.name,Disruptor,1,11-Feb-18,11-Mar-18
Huel_Betty@gmail.com,Liberator,2,11-Feb-18,11-Apr-18
Huel.Bertram@yahoo.com,GameChanger,2,12-Feb-18,12-Apr-18
Immanuel.Ondricka@Runolfsson.tv,Liberator,2,12-Feb-18,12-Apr-18
Israel_Mraz@gmail.com,Liberator,2,12-Feb-18,12-Apr-18
Jacey_Hyatt@Bethany.net,Liberator,3,13-Feb-18,13-May-18
Jacinthe.Wintheiser@Clifford.com,Liberator,3,13-Feb-18,13-May-18
Jada.Hahn@hotmail.com,Liberator,1,13-Feb-18,13-Mar-18
Jada.Hyatt@yahoo.com,Liberator,1,13-Feb-18,13-Mar-18
Jaime_Greenholt@hotmail.com,Disruptor,1,13-Feb-18,13-Mar-18
Jamal_Dach@gmail.com,Liberator,1,14-Feb-18,14-Mar-18
Jamison.Block@Laurine.name,GameChanger,1,15-Feb-18,15-Mar-18
Jarred_Dibbert@Kemmer.com,Disruptor,1,16-Feb-18,16-Mar-18
Jasen.Bahringer@Kiel.ca,Disruptor,2,16-Feb-18,16-Apr-18
Jaylen_Ondricka@yahoo.com,GameChanger,2,16-Feb-18,16-Apr-18
Jayson_Cormier@gmail.com,Disruptor,2,16-Feb-18,16-Apr-18
Jeanie_Mann@hotmail.com,GameChanger,2,16-Feb-18,16-Apr-18
Jedediah_Schowalter@yahoo.com,Liberator,3,17-Feb-18,17-May-18
Jenifer_Welch@gmail.com,Liberator,3,18-Feb-18,18-May-18
Jenkins.Melissa@hotmail.com,Disruptor,1,19-Feb-18,19-Mar-18
Jerde_Dedric@gmail.com,GameChanger,1,19-Feb-18,19-Mar-18
Jeremie_Huel@Labadie.biz,Disruptor,1,19-Feb-18,19-Mar-18
Jerod_Schimmel@Salvatore.biz,GameChanger,1,19-Feb-18,19-Mar-18
Jessie.Greenfelder@yahoo.com,Liberator,1,19-Feb-18,19-Mar-18
Joe_Mayer@Aufderhar.biz,Liberator,1,19-Feb-18,19-Mar-18
Johann_Terry@gmail.com,Disruptor,2,19-Feb-18,19-Apr-18
Jordan.Prosacco@yahoo.com,Disruptor,2,19-Feb-18,19-Apr-18
Judge.Wilderman@Crona.biz,Liberator,2,19-Feb-18,19-Apr-18
Kaci_Littel@Irwin.me,GameChanger,2,19-Feb-18,19-Apr-18
Kailey_Hansen@Corene.com,Disruptor,3,19-Feb-18,19-May-18
Kameron_Schmitt@hotmail.com,Disruptor,3,20-Feb-18,20-May-18
Kamryn_Shanahan@hotmail.com,Liberator,1,20-Feb-18,20-Mar-18
Kareem.Hauck@Ava.us,Liberator,1,20-Feb-18,20-Mar-18
Karson_Cassin@hotmail.com,GameChanger,1,20-Feb-18,20-Mar-18
Kassandra_Kirlin@Abby.org,GameChanger,1,20-Feb-18,20-Mar-18
Katharina_Hartmann@McGlynn.name,Liberator,1,20-Feb-18,20-Mar-18
Keanu_Gleason@yahoo.com,Liberator,1,20-Feb-18,20-Mar-18
Keaton_Williamson@Nienow.biz,Liberator,2,21-Feb-18,21-Apr-18
Kellie.Keebler@hotmail.com,Liberator,2,21-Feb-18,21-Apr-18
Kemmer_Malinda@Heller.biz,Liberator,2,21-Feb-18,21-Apr-18
Kiehn_Dax@gmail.com,Liberator,2,21-Feb-18,21-Apr-18
Kieran_Emmerich@Haley.ca,Disruptor,3,21-Feb-18,21-May-18
Kihn.Keith@Mellie.us,Liberator,3,21-Feb-18,21-May-18
Kilback.Rahsaan@Willie.tv,Liberator,1,21-Feb-18,21-Mar-18
Koch.Magdalena@hotmail.com,Disruptor,1,21-Feb-18,21-Mar-18
Koelpin.Maddison@Block.com,Disruptor,1,21-Feb-18,21-Mar-18
Koss.Emerson@yahoo.com,Liberator,1,21-Feb-18,21-Mar-18
Kris.Terrance@hotmail.com,Liberator,1,21-Feb-18,21-Mar-18
Kristy.Paucek@yahoo.com,Liberator,1,21-Feb-18,21-Mar-18
Kuhn.Isom@hotmail.com,Liberator,1,21-Feb-18,21-Mar-18
Kuphal.Samantha@Maynard.me,GameChanger,1,22-Feb-18,22-Mar-18
Kurt_Windler@hotmail.com,Disruptor,1,23-Feb-18,23-Mar-18
Kylee.Runolfsson@yahoo.com,GameChanger,1,24-Feb-18,24-Mar-18
Ladarius.Maggio@yahoo.com,GameChanger,1,25-Feb-18,25-Mar-18
Lambert_Rodriguez@gmail.com,GameChanger,1,26-Feb-18,26-Mar-18
Lambert.Kuphal@Deborah.com,Disruptor,2,27-Feb-18,27-Apr-18
Lang.Elian@Nathaniel.biz,Disruptor,2,28-Feb-18,28-Apr-18
Langworth_Tanya@Huel.name,GameChanger,2,22-Feb-18,22-Apr-18
Laurine_Beier@Bauch.biz,Liberator,2,23-Feb-18,23-Apr-18
Laverne.Mraz@gmail.com,Disruptor,3,24-Feb-18,24-May-18
Leannon.Casey@yahoo.com,GameChanger,3,25-Feb-18,25-May-18
Lennie_Schaefer@yahoo.com,Liberator,1,26-Feb-18,26-Mar-18
Lenny.Braun@Conn.net,Disruptor,1,27-Feb-18,27-Mar-18
Leo_Fahey@Hammes.name,Liberator,1,28-Feb-18,28-Mar-18
Leola_Stracke@hotmail.com,Liberator,1,28-Feb-18,28-Mar-18
Leon.Gottlieb@Taylor.biz,GameChanger,1,28-Feb-18,28-Mar-18
Leonard.Sporer@Wintheiser.biz,Disruptor,1,28-Feb-18,28-Mar-18
Libbie.Torphy@yahoo.com,Liberator,2,28-Feb-18,28-Apr-18
Lilliana.Gislason@Eliezer.us,Liberator,2,28-Feb-18,28-Apr-18
Adah_Jones@Cleta.io,Liberator,1,1-Mar-18,1-Apr-18
Adam.Parisian@gmail.com,Liberator,1,1-Mar-18,1-Apr-18
Adolfo.Russel@Sipes.net,Liberator,1,1-Mar-18,1-Apr-18
Aletha_Barton@yahoo.com,GameChanger,1,1-Mar-18,1-Apr-18
Alvis_Lynch@Ora.com,GameChanger,1,2-Mar-18,2-Apr-18
Alysha_Pacocha@yahoo.com,Disruptor,1,2-Mar-18,2-Apr-18
Antonia.McKenzie@yahoo.com,GameChanger,1,2-Mar-18,2-Apr-18
Ardella_Renner@hotmail.com,Disruptor,1,2-Mar-18,2-Apr-18
Armani_Ondricka@yahoo.com,Disruptor,1,2-Mar-18,2-Apr-18
Aurelio_Thompson@Morissette.com,Disruptor,2,2-Mar-18,2-May-18
Bartell.Zoila@Bahringer.com,GameChanger,1,2-Mar-18,2-Apr-18
Bergnaum_Terrill@Ledner.info,Disruptor,1,2-Mar-18,2-Apr-18
Bergstrom_Jude@yahoo.com,GameChanger,2,3-Mar-18,3-May-18
Bernie_Marquardt@yahoo.com,GameChanger,2,4-Mar-18,4-May-18
Bernier.Santiago@Sporer.org,Disruptor,2,5-Mar-18,5-May-18
Bernier.Tracey@Goldner.us,Disruptor,2,5-Mar-18,5-May-18
Boyd_Cummerata@Nikolaus.ca,Liberator,2,5-Mar-18,5-May-18
Bridgette.Farrell@yahoo.com,Liberator,2,5-Mar-18,5-May-18
Broderick_Adams@Waino.biz,Liberator,2,6-Mar-18,6-May-18
Cali_Hane@yahoo.com,Liberator,2,7-Mar-18,7-May-18
Cartwright.Johnny@yahoo.com,GameChanger,2,8-Mar-18,8-May-18
Conor_Bartoletti@gmail.com,Disruptor,2,8-Mar-18,8-May-18
Corrine.Jaskolski@yahoo.com,Disruptor,2,8-Mar-18,8-May-18
Fidel.Roob@Kuvalis.biz,GameChanger,2,8-Mar-18,8-May-18
Forrest_Huel@hotmail.com,GameChanger,2,8-Mar-18,8-May-18
Fritsch.Mohamed@yahoo.com,GameChanger,2,8-Mar-18,8-May-18
Furman.Hartmann@Brown.me,GameChanger,3,9-Mar-18,9-Jun-18
Gabriella.Jast@Larkin.info,Disruptor,3,10-Mar-18,10-Jun-18
Lloyd.Gleason@yahoo.com,Liberator,1,10-Mar-18,10-Apr-18
Loren_Trantow@gmail.com,GameChanger,2,10-Mar-18,10-May-18
Ludwig_Thiel@Carter.io,Liberator,3,11-Mar-18,11-Jun-18
Luna.Bins@yahoo.com,GameChanger,1,12-Mar-18,12-Apr-18
Madie_Walsh@Larson.us,Liberator,2,13-Mar-18,13-May-18
Madie.Grady@Senger.com,Liberator,3,13-Mar-18,13-Jun-18
Magnolia.Daniel@Keeley.com,Disruptor,1,13-Mar-18,13-Apr-18
Malinda.Kuhn@gmail.com,Liberator,2,13-Mar-18,13-May-18
Maria.Wyman@yahoo.com,Disruptor,3,13-Mar-18,13-Jun-18
Marianna_Haag@Della.biz,Liberator,1,14-Mar-18,14-Apr-18
Marie.Rempel@Conn.tv,Liberator,2,14-Mar-18,14-May-18
Marjory_Marvin@Gerlach.biz,Liberator,3,14-Mar-18,14-Jun-18
Melany.Reichel@hotmail.com,Liberator,1,14-Mar-18,14-Apr-18
Melba_Rippin@Kreiger.name,Liberator,2,14-Mar-18,14-May-18
Mertz.Lelia@yahoo.com,GameChanger,3,14-Mar-18,14-Jun-18
Millie.Mueller@gmail.com,Liberator,1,14-Mar-18,14-Apr-18
Moore.Lawrence@hotmail.com,GameChanger,2,14-Mar-18,14-May-18
Murphy_Mraz@yahoo.com,Disruptor,3,14-Mar-18,14-Jun-18
Mya.Veum@yahoo.com,Disruptor,1,14-Mar-18,14-Apr-18
Name.Gusikowski@Christiansen.biz,Liberator,2,15-Mar-18,15-May-18
Neva.Kuhlman@Elsie.io,GameChanger,3,15-Mar-18,15-Jun-18
Nickolas.Kuhn@Reagan.org,Liberator,1,15-Mar-18,15-Apr-18
Nicolette.Veum@hotmail.com,GameChanger,1,15-Mar-18,15-Apr-18
Oberbrunner_Roscoe@hotmail.com,Liberator,1,15-Mar-18,15-Apr-18
Okuneva.Jermain@yahoo.com,Disruptor,1,15-Mar-18,15-Apr-18
Orn.Filiberto@Silas.name,Liberator,1,15-Mar-18,15-Apr-18
Osvaldo.Kilback@gmail.com,GameChanger,1,15-Mar-18,15-Apr-18
Oswaldo_Abernathy@yahoo.com,Liberator,2,15-Mar-18,15-May-18
Paucek_Ashlynn@Koelpin.biz,GameChanger,2,16-Mar-18,16-May-18
Percival.Pagac@Micheal.biz,Liberator,2,17-Mar-18,17-May-18
Quigley_Zoe@hotmail.com,Liberator,2,18-Mar-18,18-May-18
Quitzon_Vivianne@Pete.biz,GameChanger,3,18-Mar-18,18-Jun-18
Ramiro_Rogahn@yahoo.com,Liberator,3,18-Mar-18,18-Jun-18
Rashad.Greenfelder@yahoo.com,Disruptor,1,18-Mar-18,18-Apr-18
Rau.Beverly@Lemke.me,Liberator,1,18-Mar-18,18-Apr-18
Raymond.Wolff@Eulalia.info,Disruptor,1,18-Mar-18,18-Apr-18
Reese.Raynor@yahoo.com,Liberator,1,19-Mar-18,19-Apr-18
Reid_Kulas@Schaden.io,GameChanger,1,20-Mar-18,20-Apr-18
Reinger_Sherman@Esperanza.io,Liberator,1,20-Mar-18,20-Apr-18
Reynolds_Jolie@yahoo.com,Liberator,2,20-Mar-18,20-May-18
Reynolds.Ronny@Felipe.org,GameChanger,2,20-Mar-18,20-May-18
Rhianna_Klein@hotmail.com,GameChanger,2,20-Mar-18,20-May-18
Richard.Wolff@Ankunding.net,Liberator,2,20-Mar-18,20-May-18
Robel_Gene@Lenny.us,Disruptor,3,20-Mar-18,20-Jun-18
Rodolfo.Kreiger@Susanna.org,Liberator,3,20-Mar-18,20-Jun-18
Rossie.Mante@Bailee.name,GameChanger,1,20-Mar-18,20-Apr-18
Rupert.Bergnaum@Kunze.biz,Liberator,1,20-Mar-18,20-Apr-18
Sabrina_Parker@hotmail.com,Liberator,1,20-Mar-18,20-Apr-18
Samson.Kling@Lueilwitz.tv,Liberator,1,20-Mar-18,20-Apr-18
Sanford_Fern@gmail.com,GameChanger,1,20-Mar-18,20-Apr-18
Satterfield.Malika@Ressie.org,GameChanger,1,20-Mar-18,20-Apr-18
Savanah_Dibbert@yahoo.com,Liberator,2,21-Mar-18,21-May-18
Schmeler.Dane@hotmail.com,Liberator,2,22-Mar-18,22-May-18
Schmitt.Jaleel@yahoo.com,Liberator,2,23-Mar-18,23-May-18
Scot_Corkery@yahoo.com,GameChanger,2,23-Mar-18,23-May-18
Shane.Bartoletti@yahoo.com,Liberator,3,23-Mar-18,23-Jun-18
Shields_Dillon@Durgan.io,GameChanger,3,23-Mar-18,23-Jun-18
Shields_Leopoldo@Bradtke.io,GameChanger,1,23-Mar-18,23-Apr-18
Smitham.Joaquin@Shields.info,GameChanger,1,23-Mar-18,23-Apr-18
Sonny.Emmerich@Delta.com,Disruptor,1,24-Mar-18,24-Apr-18
Steve.Jenkins@Abshire.biz,Disruptor,1,25-Mar-18,25-Apr-18
Streich.Athena@Homenick.ca,GameChanger,1,26-Mar-18,26-Apr-18
Summer_Hayes@yahoo.com,Disruptor,1,27-Mar-18,27-Apr-18
Susanna_Wunsch@Reilly.us,Liberator,2,28-Mar-18,28-May-18
Sydnee.Koss@Roosevelt.ca,GameChanger,2,28-Mar-18,28-May-18
Sydni_Huel@Macejkovic.info,GameChanger,2,29-Mar-18,29-May-18
Tad.Runolfsdottir@Labadie.io,Liberator,2,29-Mar-18,29-May-18
Tanya.Kuvalis@Gaylord.com,Liberator,3,29-Mar-18,29-Jun-18
Taurean.Ankunding@Sandy.biz,Disruptor,3,30-Mar-18,30-Jun-18
Thiel_Fae@yahoo.com,Liberator,1,30-Mar-18,30-Apr-18
Tianna.Glover@Clare.ca,Liberator,1,30-Mar-18,30-Apr-18
Tillman_Mervin@gmail.com,GameChanger,1,30-Mar-18,30-Apr-18
Tina.Lynch@Webster.co.uk,GameChanger,1,30-Mar-18,30-Apr-18
Torphy.Courtney@Rosella.org,GameChanger,1,30-Mar-18,30-Apr-18
Torrey_Kunze@Seth.ca,Liberator,1,30-Mar-18,30-Apr-18
Torrey.Schroeder@yahoo.com,Liberator,2,30-Mar-18,30-May-18
Tromp_Orpha@hotmail.com,Liberator,2,31-Mar-18,31-May-18
Turcotte_Andreanne@Buckridge.ca,Disruptor,2,31-Mar-18,31-May-18
Vance.Mertz@Lemke.org,Disruptor,2,31-Mar-18,31-May-18
Vella_Kihn@hotmail.com,Disruptor,3,31-Mar-18,30-Jun-18
Vicenta.Gislason@hotmail.com,Liberator,3,31-Mar-18,30-Jun-18
Moen_Keanu@Eva.us,Liberator,1,1-Apr-18,1-May-18
Rosanna.Torp@yahoo.com,Liberator,2,1-Apr-18,1-Jun-18
Hoyt.Greenfelder@gmail.com,GameChanger,3,1-Apr-18,1-Jul-18
Herman.Cloyd@Omer.biz,GameChanger,1,1-Apr-18,1-May-18
Conn_Abdiel@hotmail.com,GameChanger,2,1-Apr-18,1-Jun-18
Amy.Mohr@Carmine.info,Disruptor,3,1-Apr-18,1-Jul-18
Raymond.Bins@hotmail.com,Disruptor,1,1-Apr-18,1-May-18
Oberbrunner_Princess@yahoo.com,GameChanger,2,1-Apr-18,1-Jun-18
Armstrong.Anthony@hotmail.com,GameChanger,3,2-Apr-18,2-Jul-18
Durward.Sauer@yahoo.com,Liberator,1,2-Apr-18,2-May-18
Agnes.Welch@Felipe.me,Liberator,2,2-Apr-18,2-Jun-18
Dianna.Botsford@gmail.com,Liberator,3,2-Apr-18,2-Jul-18
Raegan_Hettinger@Cartwright.biz,Disruptor,1,2-Apr-18,2-May-18
Virginie.Bernier@gmail.com,Liberator,2,2-Apr-18,2-Jun-18
Stan.Cole@Boyer.com,GameChanger,3,2-Apr-18,2-Jul-18
Brown.Kian@Jacobson.io,GameChanger,1,2-Apr-18,2-May-18
Elizabeth.Lindgren@Larkin.biz,Liberator,2,2-Apr-18,2-Jun-18
America_Ankunding@gmail.com,GameChanger,3,3-Apr-18,3-Jul-18
Carleton.Fahey@yahoo.com,Disruptor,1,3-Apr-18,3-May-18
Josefina.Feil@Elise.name,Disruptor,1,3-Apr-18,3-May-18
Rempel_Elmer@Madie.name,GameChanger,2,3-Apr-18,3-Jun-18
Angel_Quigley@yahoo.com,GameChanger,3,4-Apr-18,4-Jul-18
Retta_Kulas@hotmail.com,GameChanger,1,5-Apr-18,5-May-18
Jeremie_Pacocha@Charlene.name,GameChanger,1,5-Apr-18,5-May-18
Ursula_McDermott@Lori.tv,GameChanger,1,5-Apr-18,5-May-18
Tiffany_Robel@Muller.biz,GameChanger,1,6-Apr-18,6-May-18
Schultz_Freddie@yahoo.com,Disruptor,1,6-Apr-18,6-May-18
Luella_Hills@Bednar.net,GameChanger,1,7-Apr-18,7-May-18
West.Kaelyn@hotmail.com,Disruptor,2,7-Apr-18,7-Jun-18
Walker_Damon@yahoo.com,Disruptor,2,7-Apr-18,7-Jun-18
Kozey_Rex@Brenden.io,Disruptor,2,7-Apr-18,7-Jun-18
Lynch.Sarai@Amy.io,Liberator,2,7-Apr-18,7-Jun-18
Alexandro.Parker@Keenan.tv,GameChanger,3,8-Apr-18,8-Jul-18
Belle.Kuhic@yahoo.com,GameChanger,3,8-Apr-18,8-Jul-18
Demarco_Lind@yahoo.com,Disruptor,1,8-Apr-18,8-May-18
Ila.Pfeffer@gmail.com,GameChanger,1,8-Apr-18,8-May-18
Eusebio.Bogisich@yahoo.com,Liberator,1,8-Apr-18,8-May-18
Jodie.Zboncak@Mike.name,Liberator,1,8-Apr-18,8-May-18
Berniece.Hammes@Romaguera.io,GameChanger,1,8-Apr-18,8-May-18
Arnold_Abshire@Sporer.biz,Disruptor,1,8-Apr-18,8-May-18
Adams_Adella@yahoo.com,Liberator,2,9-Apr-18,9-Jun-18
Aimee_Pouros@Walter.net,Liberator,2,9-Apr-18,9-Jun-18
Aliza.Stiedemann@Schmeler.org,Liberator,2,9-Apr-18,9-Jun-18
Amani_Mraz@Helga.me,Liberator,2,10-Apr-18,10-Jun-18
Ara_Hoeger@Roob.us,GameChanger,3,10-Apr-18,10-Jul-18
Arlie.Kris@Jeromy.us,GameChanger,3,10-Apr-18,10-Jul-18
Ayden_Gorczany@Sawayn.co.uk,Liberator,1,11-Apr-18,11-May-18
Adams.Frieda@Johnpaul.biz,Liberator,1,11-Apr-18,11-May-18
Americo_Streich@yahoo.com,Disruptor,1,11-Apr-18,11-May-18
Bailey.Amiya@hotmail.com,Liberator,1,11-Apr-18,11-May-18
Bella_Romaguera@Hailee.ca,Liberator,1,12-Apr-18,12-May-18
Blair.Hartmann@Oswaldo.tv,GameChanger,1,12-Apr-18,12-May-18
Bradford.Sipes@hotmail.com,Liberator,2,12-Apr-18,12-Jun-18
Fritsch_Kian@Judson.io,GameChanger,2,13-Apr-18,13-Jun-18
Gerson_Smitham@Greenfelder.us,Disruptor,2,13-Apr-18,13-Jun-18
Giles_Auer@yahoo.com,Liberator,2,13-Apr-18,13-Jun-18
Giovanni_Nikolaus@yahoo.com,GameChanger,3,14-Apr-18,14-Jul-18
Gladyce_Hoeger@Corwin.us,GameChanger,3,14-Apr-18,14-Jul-18
Hammes.Ona@Moore.io,GameChanger,1,14-Apr-18,14-May-18
Harber_Alexane@Dach.com,Disruptor,1,14-Apr-18,14-May-18
Haskell_Hane@Heloise.info,GameChanger,1,15-Apr-18,15-May-18
Adolfo.Russel@Sipes.net,Liberator,1,15-Apr-18,15-May-18
Aletha_Barton@yahoo.com,GameChanger,1,16-Apr-18,16-May-18
Alvis_Lynch@Ora.com,GameChanger,1,16-Apr-18,16-May-18
Alysha_Pacocha@yahoo.com,Disruptor,2,16-Apr-18,16-Jun-18
Antonia.McKenzie@yahoo.com,GameChanger,2,17-Apr-18,17-Jun-18
Ardella_Renner@hotmail.com,Disruptor,2,17-Apr-18,17-Jun-18
Armani_Ondricka@yahoo.com,Disruptor,2,17-Apr-18,17-Jun-18
Bartell.Zoila@Bahringer.com,GameChanger,3,17-Apr-18,17-Jul-18
Bergnaum_Terrill@Ledner.info,Disruptor,3,17-Apr-18,17-Jul-18
Lloyd.Gleason@yahoo.com,Liberator,1,17-Apr-18,17-May-18
Luna.Bins@yahoo.com,GameChanger,1,17-Apr-18,17-May-18
Magnolia.Daniel@Keeley.com,Disruptor,1,17-Apr-18,17-May-18
Marianna_Haag@Della.biz,Liberator,1,18-Apr-18,18-May-18
Melany.Reichel@hotmail.com,Liberator,1,18-Apr-18,18-May-18
Millie.Mueller@gmail.com,Liberator,1,18-Apr-18,18-May-18
Mya.Veum@yahoo.com,Disruptor,2,18-Apr-18,18-Jun-18
Nickolas.Kuhn@Reagan.org,Liberator,2,19-Apr-18,19-Jun-18
Nicolette.Veum@hotmail.com,GameChanger,2,19-Apr-18,19-Jun-18
Oberbrunner_Roscoe@hotmail.com,Liberator,2,19-Apr-18,19-Jun-18
Okuneva.Jermain@yahoo.com,Disruptor,3,19-Apr-18,19-Jul-18
Orn.Filiberto@Silas.name,Liberator,3,19-Apr-18,19-Jul-18
Osvaldo.Kilback@gmail.com,GameChanger,1,19-Apr-18,19-May-18
Alexane_Funk@hotmail.com,Liberator,1,19-Apr-18,19-May-18
Maggio.Freeda@Lockman.info,Liberator,1,19-Apr-18,19-May-18
Mellie_Trantow@yahoo.com,GameChanger,1,20-Apr-18,20-May-18
Olaf.Wolf@gmail.com,Disruptor,1,20-Apr-18,20-May-18
Schinner_Chauncey@gmail.com,GameChanger,1,20-Apr-18,20-May-18
Glennie.Kuhic@Hegmann.name,Liberator,2,21-Apr-18,21-Jun-18
Junior_Quigley@gmail.com,Disruptor,2,21-Apr-18,21-Jun-18
Hermina.Schamberger@yahoo.com,Liberator,2,21-Apr-18,21-Jun-18
Rosemary.Gibson@Lambert.ca,GameChanger,2,21-Apr-18,21-Jun-18
Bruen.Jane@McDermott.info,Liberator,3,21-Apr-18,21-Jul-18
Stroman_Vivian@hotmail.com,Liberator,3,21-Apr-18,21-Jul-18
Leonard.Mitchell@Stephen.net,GameChanger,1,21-Apr-18,21-May-18
Goodwin.Mazie@yahoo.com,Disruptor,1,22-Apr-18,22-May-18
Marcos_Johns@Virginia.us,Disruptor,1,22-Apr-18,22-May-18
Kirk.Witting@Larson.io,Liberator,1,22-Apr-18,22-May-18
Albina.Deckow@yahoo.com,GameChanger,1,22-Apr-18,22-May-18
Amie_Stanton@Nader.net,Liberator,1,22-Apr-18,22-May-18
Turner_Gislason@Maegan.ca,Liberator,1,23-Apr-18,23-May-18
Gay.Larson@hotmail.com,Liberator,1,23-Apr-18,23-May-18
Damon.Donnelly@gmail.com,Liberator,1,23-Apr-18,23-May-18
Ebony.Rogahn@Rutherford.ca,Liberator,1,23-Apr-18,23-May-18
Ramiro.Medhurst@Leffler.com,Liberator,1,23-Apr-18,23-May-18
Zoe_Boyle@yahoo.com,Disruptor,1,23-Apr-18,23-May-18
Madalyn.Ward@Daryl.io,GameChanger,2,24-Apr-18,24-Jun-18
Dominique.Pfeffer@yahoo.com,Liberator,2,24-Apr-18,24-Jun-18
Wehner_Verda@hotmail.com,Disruptor,2,24-Apr-18,24-Jun-18
Alysha_Reynolds@Enoch.ca,Disruptor,2,24-Apr-18,24-Jun-18
Charlotte_Kirlin@gmail.com,GameChanger,3,25-Apr-18,25-Jul-18
Kemmer.Ervin@Ronaldo.biz,Liberator,3,25-Apr-18,25-Jul-18
Ziemann_Jensen@yahoo.com,GameChanger,1,26-Apr-18,26-May-18
Vince_Mosciski@Chelsea.com,GameChanger,1,27-Apr-18,27-May-18
Vince_Mueller@hotmail.com,GameChanger,1,27-Apr-18,27-May-18
Viola_Quitzon@Neoma.io,Liberator,1,27-Apr-18,27-May-18
VonRueden_Elsa@Orval.io,Disruptor,1,27-Apr-18,27-May-18
Waino_Walker@Bridie.biz,Disruptor,1,27-Apr-18,27-May-18
Walsh.Demario@yahoo.com,GameChanger,2,28-Apr-18,28-Jun-18
Walter_Bria@Thiel.org,Liberator,2,28-Apr-18,28-Jun-18
Welch.Aniya@Simonis.org,GameChanger,2,28-Apr-18,28-Jun-18
Wilber_Frami@Ardella.tv,GameChanger,2,28-Apr-18,28-Jun-18
Wiley_Schuster@Kerluke.org,GameChanger,2,28-Apr-18,28-Jun-18
Wisoky.Ewald@Rath.co.uk,Disruptor,2,29-Apr-18,29-Jun-18
Wiza.Arnoldo@yahoo.com,Liberator,3,29-Apr-18,29-Jul-18
Woodrow_Rosenbaum@Price.tv,GameChanger,3,29-Apr-18,29-Jul-18
Wuckert.Jaime@yahoo.com,GameChanger,1,30-Apr-18,30-May-18
Wyman.Queen@Issac.us,Disruptor,1,30-Apr-18,30-May-18
Yasmeen_King@hotmail.com,Liberator,1,30-Apr-18,30-May-18
Zachary.Halvorson@yahoo.com,Disruptor,1,30-Apr-18,30-May-18
Ziemann_Jakob@Sven.ca,GameChanger,1,30-Apr-18,30-May-18
Ziemann.Paolo@Hauck.tv,Liberator,1,30-Apr-18,30-May-18
